Full,New,WR,Name,GCVS,OName,LS,Aname,"RAJ2000
""h:m:s""","DEJ2000
""d:m:s""",r_Pos,"GLON
deg","GLAT
deg",r_FC,Name,SpType,r_,l_,"vmag
mag",u_,"b-v
mag",u_,r_vmag,"vinf
km/s","vinf2
km/s",r_vinf,l_,"Per
d",n_,Binary,r_Per
1,,1,,,HD 4004,LS I+64 34,HIP 3415,00 43 28.40,+64 45 35.40,Hip,122.08,1.9,VI,HD 4004,WN4,SS96*,,10.51,,0.51,,Ma84,2100,,HS92,,6.1,", 7.746, 11.68",SB1?,"La83,MS86,MMH98,MG99,Ni00"
2,,2,,,HD 6327,LS I+60 137,HIP 5100,01 05 23.03,+60 25 18.90,Hip,124.65,-2.41,VI,HD 6327,WN2,SS96*,,11.33,,0.13,,Ma84,3200,,HS92,,18.59,", 2.171, long term",VB,"Hip97,MMH98"
3,,3,,,HD 9974,LS I+57 24,HIP 7681,01 38 55.63,+58 09 22.70,Hip,129.18,-4.14,VI,HD 9974,WN3+O4,SS96*,,10.7,,-0.06,,Ma84,,,,,46.85,-0.02,SB2,"MLS86,MS86,SH89,SM89,SS96"
4,,4,,V493 Per,HD 16523,LS I+56 62,HIP 12527,02 41 11.68,+56 43 49.70,Hip,137.59,-2.98,VI,HD 16523,WC5+?,VI,,10.53,,0.2,,Ma84,1900,,KH95,,2.4096,", 10:","SB1, no d.e.l.","MS86,CM89,RC89,SS90,t.w."
5,,5,,,HD 17638,LS I+56 77,HIP 13380,02 52 11.66,+56 56 07.10,Hip,138.87,-2.15,VI,HD 17638,WC6,VI,,11.02,,0.47,,Ma84,2100,,TC86u,,,,,
6,,6,HR 2583,EZ CMa,HD 50896,LSS 98,HIP 33165,06 54 13.05,-23 55 42.10,Hip,234.76,-10.08,VI,HD 50896,WN4,SS96*,,6.94,,-0.07,,VI,1800,,"EW94,Sc97",,3.765,-0.0001,SB1?,"FK80,DH96,MM98,MMH98,GK99,NG99a"
7,,7,,,HD 56925,LSS 299,HIP 35378,07 18 29.13,-13 13 01.50,Hip,227.75,-0.13,VI,HD 56925,WN4,SS96*,,11.68,,0.38,,TM88,1600,,HK95,,,long term,,MMH98
8,N,7a,PMLC 1,,SPH 2,,GSC 6537-0281,07 20 22.38,-23 43 57.60,GSC,237.27,-4.64,SP90,PMLC 1,WN4/WC,PM98,,,,,,,,,,,,,,
9,,8,,,HD 62910,LSS 731,HIP 37791,07 44 58.22,-31 54 29.60,Hip,247.07,-3.79,VI,HD 62910,WN7/WCE+?,SS96*,,10.48,,0.47,,TM88,1590,,CS95d,,38.4,", 115 +- 13",SB1,"Ni91,MMH98"
10,,9,IC 2206,,HD 63099,LSS 753,HIP 37876,07 45 50.40,-34 19 48.50,Hip,249.27,-4.84,VI,HD 63099,WC5+O7,HH88,,10.93,,0.74,,TM88,,,,,14.305,,SB2,"NM84,SM89,Ni95,LM96"
11,,10,AS 193,,HD 65865,LSS 916,HIP 39086,07 59 46.25,-28 44 03.10,Hip,245.98,0.58,VI,HD 65865,WN5ha (+A2V),NG99a,,11.08,,0.22,,TM88,1475,,PB90,,,,VB,"Ni81,Tu81,Hip97,HH88,NG99a"
12,,11,gamma^2 Vel,,HD 68273,LSS 980,HIP 39953,08 09 31.96,-47 20 11.80,Hip,262.8,-7.69,VI,gamma^2 Vel,WC8+O7.5III-V,DS99,,1.74,,-0.32,,VI,1450,,EW94,,78.53,,"SB2, VB","SSS97,DS99,NG99a,SSK99,TC99,DS00"
13,,12,Ve5-5,,CD-45 4482,LSS 1145,GSC 8151-4295,08 44 47.25,-45 58 55.50,GSC,265.2,-1.97,VI,Ve 5-5,WN8h+?,SS96,,10.99,,0.42,,TM88,1100,,HK95,,23.923,,"SB1, no d.e.l.","Ni82,CM89,SM89,LM96,RVG96,t.w."
14,,13,Ve6-15,,,LSS 1170,GSC 8152-2075,08 49 52.88,-45 10 24.10,GSC,265.13,-0.77,VI,Ve 6-15,WC6,VI,,13.78,,0.82,,TM88,1700,,KH95,,,,,
15,,14,Ve5-8,,HD 76536,LSS 1202,HIP 43778,08 54 59.17,-47 35 32.70,Hip,267.55,-1.64,VI,HD 76536,WC7+?,"SS90,Sh90",,9.42,,0.13,,TM88,1900,,EW94,,2.42,,"SB1, no d.e.l.","CM89,Sh90,SS90,NG99a,t.w."
16,,15,Ve5-10,,HD 79573,LSS 1259,HIP 45237,09 13 11.77,-50 06 25.60,Hip,271.42,-1.08,VI,HD 79573,WC6,VI,,11.72,,0.72,,TM88,2700,,KH95,,,,,
17,,16,,V396 Car,HD 86161,LSS 1374,HIP 48617,09 54 52.91,-57 43 38.30,Hip,281.08,-2.55,VI,HD 86161,WN8h,SS96,,8.44,,0.3,,TM88,630,,CS95b,,75.2,",20.88,17.54,11.74,10.73, 9.28",,"MN82,BE89,GH89,GVM90,AB95,MMH98,NG99a"
18,,17,,,HD 88500,LSS 1440,HIP 49838,10 10 31.92,-60 38 42.40,Hip,284.44,-3.69,VI,HD 88500,WC5,VI,,11.03,,0.14,,TM88,1800,,KH95,,,,,
19,,18,,V500 Car,HD 89358,LSS 1481,HIP 50368,10 17 02.28,-57 54 46.90,Hip,283.57,-0.97,VI,HD 89358,WN4,SS96*,,11.11,,0.55,,TM88,2100,,HK95,,,long term,,MMH98
20,,19,LS 3,,,,,10 18 05.02,-58 16 25.90,L2,283.89,-1.19,VI,LS 3,WC4pd+O9.6,WH96,,13.75,,1.06,,TM88,,,,,3690,,CWB,VH98
21,N,19a,SMSP 1,,,,,10 18 53.40,-58 07 53.00,SM91,283.9,-1.01,SM91,SMSP 1,WN7:(h),SM99,,17.45,,1.71,,SM91,,,,,,,,
22,,20,BS 1,,Th35-24,,,10 19 18.50,-59 09 37.00,VIp,284.51,-1.84,VI,BS 1,WN5,SS96*,,14.45,,0.88,,TM88,1400,,HK95,,,,,
23,N,20a,SMSP 2,,Th35-36,,,10 23 58.00,-57 45 49.00,SM91,284.27,-0.34,"SM91,BM94",SMSP 2,WN7:h/WC,SM99,,14.14,,1.38,,SM91,,,,,,,,
24,N,20b,SMSP 3,,Th35-37,SPH 56,,10 24 18.40,-57 48 30.00,SM91,284.33,-0.35,SM91,SMSP 3,WN6:h,SM99,,15.4,,1.69,,SM91,,,,,,,,
25,,21,,V398 Car,HD 90657,LSS 1568,HIP 51109,10 26 31.42,-58 38 26.20,Hip,285.02,-0.9,VI,HD 90657,WN5+O4-6,SS96*,,9.76,,0.27,,TM88,,,,,8.2546,-0.0001,SB2,"NM82,SM89,LM96,MMH98,GN99,NG99a"
26,N,21a,1E 1024.0-5732,,Th35-42,,GSC 8608-0157,10 25 56.49,-57 48 44.40,MB94,284.52,-0.24,Th66,Th35-42,WN6+O/a,MB94,,12.8,),,,Th66,,,,,,,d.e.l.,"McB94,Re99"
27,,22,HR 4188,V429 Car,HD 92740,LSS 1761,HIP 52308,10 41 17.52,-59 40 36.90,Hip,287.17,-0.85,VI,HD 92740,WN7h+O9III-V,"SS99,RV96",,6.44,,0.03,,VI,1785,,CS95b,,80.336,-0.001,SB2,"CN79,SM89,GR91,RV96,MMH98,NG99a,SSS99"
28,,23,,,HD 92809,LSS 1768,HIP 52331,10 41 38.33,-58 46 18.80,Hip,286.78,-0.03,VI,HD 92809,WC6,VI,,9.67,,-0.05,,TM88,2250,,EW94,,,,,NG99a
29,,24,,,HD 93131,LSS 1817,HIP 52488,10 43 52.27,-60 07 04.00,Hip,287.67,-1.08,VI,HD 93131,WN6ha,SS96,,6.49,,-0.06,,VI,2160,,CD98,,,,,"CN79,NG99a"
30,,25,,,HD 93162,LSS 1833,PPM 339385,10 44 10.39,-59 43 11.00,L1,287.51,-0.71,VI,HD 93162,WN6h+O4f,"CN79,SS96,t.w.",,8.14,,0.17,,TM88,2480,,CD98,,,long term,d.e.l.,"CN79,DR92,Hu92,HW92,NG99a,t.w."
31,,26,MS 1,,SPH 86,LSS 1841,,10 44 32.08,-57 50 23.70,Wi99,286.68,0.97,VI,MS 1,WN7/WCE,SS96,,14.61,,0.92,,TM88,,,,,,,,
32,,27,LS 4,,,LSS 1850,,10 44 38.07,-58 48 28.90,Wi99,287.14,0.12,VI,LS 4,WC6+a,"VI,SS90",,14.96,,1.29,,SS90,1850,,KH95,,,,"a, no d.e.l.","CM89,SS90,t.w."
33,,28,MS 2,,Th35-112,SPH 95,GSC 8626-1709,10 48 58.68,-59 03 37.50,GSC,287.75,0.15,VI,MS 2,WN6(h)+OB?,"SS96,t.w.",,12.98,,0.77,,TM88,,,,,,,d.e.l.,"CM89,t.w."
34,,29,MS 3,,Th35-117,LSS 1964,GSC 8957-2405,10 50 46.30,-60 28 41.60,GSC,288.59,-1.01,VI,MS 3,WN7h+O,NG99b,,12.65,,0.65,,TM88,,,,,3.164,,SB2,"NG99a,NG99b"
35,,30,,,HD 94305,LSS 1970,TYC 8961 618 1,10 51 06.01,-62 17 01.80,Tyc,289.44,-2.61,VI,HD 94305,WC6+O6-8,NM83,,11.73,,0.27,,VI,2100,,TC86u,,18.82,,SB2,"NM83,SM89,Ni95,LM96"
36,,30a,MS 4,,,,,10 51 38.93,-60 56 35.20,Wi99,288.9,-1.38,VI,MS 4,WO4+O5-5.5,"CDB98,GR00",,13.33,,0.79,,SS90,,,,,4.62,,SB2,"Ni95,GR99,GR00"
37,,31,,V428 Car,HD 94546,LSS 2010,HIP 53274,10 53 44.83,-59 30 46.70,Hip,288.5,0.02,VI,HD 94546,WN4+O8V,SS96*,,10.69,,0.28,,VI,,,,,4.8306,-0.0001,"SB2, VB","NM85,LM87,SM89,LM96,Hip97,GN99"
38,N,31a,He3-519,,IRAS 10520-6010,LSS 2015,,10 53 59.66,-60 26 44.30,Sim,288.94,-0.81,LSS,He3-519,WN11h,SC94,,9.75,),0.65,),Sim,365,,SC94,,,,,
39,N,31b,,AG Car,HD 94910,LSS 2035,HIP 53461,10 56 11.58,-60 27 12.80,Hip,289.18,-0.7,HL92,AG Car,WN11h,SC94,,7.09,),0.49,),Sim,90,400,LA94,,,,VB,HL93
40,*,31c,SMSP 4,,,,,10 57 43.00,-60 34 01.00,SM91,289.4,-0.72,SM91,SMSP 4^a,WC6+OB,"SS90,SM99,t.w.",,16.37,,0.96,,SM91,,,,,,,"a, d.e.l.","CM89,SS90,t.w."
41,,32,MS 5,,,,,10 59 52.94,-59 52 43.20,Wi99,289.36,0.02,VI,MS 5,WC5+OB?,"VI,t.w.",,15.9,,1.29,,SS90,1900,,TC86o,,,,d.e.l.,"CM89,SS90,t.w."
42,,33,,,HD 95435,LSS 2076,GSC 8623-0928,11 00 00.72,-57 48 59.50,GSC,288.51,1.9,VI,HD 95435,WC5,SS90,,12.35,,0.16,,TM88,2900,,KH95,,,,,
43,,34,LS 5,,SPH 122,,,11 00 06.44,-61 26 29.90,Wi99,290.03,-1.39,VI,LS 5,WN5,SS96*,,14.5,,0.76,,HH88,1200,,HK95,,,,,
44,,35,MS 6,,Th35-159,SPH 123,,11 00 22.10,-61 13 51.00,VIp,289.97,-1.19,VI,MS 6,WN6h+OB?,"SS96,t.w.",,13.83,,0.59,,TM88,1100,,HK95,,,,d.e.l.,"CM89,t.w."
45,N,35a,SMSP 5,,,,,11 00 24.50,-59 59 36.00,SM91,289.46,-0.06,SM91,SMSP 5,WN6h,SM99,,13.92,,0.86,,SM91,,,,,,,,
46,N,35b,SMSP 6,,,,,11 01 02.30,-60 14 01.00,SM91,289.63,-0.24,SM91,SMSP 6,WN4,SM99*,,14.49,,1.27,,SM91,,,,,,,,
47,,36,LS 6,,,LSS 2112,GSC 8627-1968,11 02 32.87,-59 26 21.50,GSC,289.48,0.56,VI,LS 6,WN5-6+OB?,"SS96*,t.w.",,13.57,,0.68,,TM88,2100,,HK95,,,,d.e.l.,"CM89,t.w."
48,,37,MS 7,,,,,11 05 13.92,-61 20 41.40,Wi99,290.55,-1.05,VI,MS 7,WN4,SS96*,,15.77,,1.23,,TM88,2150,,HK95,,,,,
49,,38,MS 8,,,,,11 05 46.52,-61 13 49.10,Wi99,290.57,-0.92,"VI,Tu99",MS 8,WC4,VI,,15.41,,0.93,,SS90,,,,,,,,
50,N,38a,SMSP 7,,,,,11 05 49.00,-61 13 41.00,SM91,290.57,-0.92,"SM91,Tu99",SMSP 7,WN5,SM99*,,16.21,,0.83,,SM91,,,,,,,,
51,N,38b,SMSP 8,,,,,11 06 18.70,-61 14 13.00,SM91,290.63,-0.9,"SM91,Tu99",SMSP 8,WC7+OB,"SM99,t.w.",,16.21,,1.5,,SM91,,,,,,,"a, d.e.l","CM89,SS90,t.w."
52,,39,MS 9,,,,,11 06 18.70,-61 14 18.30,Wi99,290.63,-0.9,"VI,Tu99",MS 9,WC7+OB?,"SS90,t.w.",,14.5,,1.26,,SS90,3600,,KH95,,,,d.e.l.,"CM89,SS90,t.w."
53,,40,,V385 Car,HD 96548,LSS 2154,HIP 54283,11 06 17.21,-65 30 35.20,Hip,292.31,-4.83,VI,HD 96548,WN8h,SS96,,7.85,,0.11,,VI,840,,CS95b,,18.9,", 17.5, 12.4, 6.25, 2.5",,"DS87,GV90,MM94,AB95,MMH98,MMEv98,NG99a"
54,,41,LS 7,,,LSS 2173,,11 07 54.05,-61 27 41.00,Wi99,290.89,-1.03,VI,LS 7,WC5+OB?,"SS90,t.w.",,14.8,,0.8,,SS90,1900,,TC86o,,,,d.e.l.,"CM89,SS90,t.w."
55,,42,,V431 Car,HD 97152,LSS 2198,HIP 54574,11 10 04.09,-60 58 45.00,Hip,290.95,-0.49,VI,HD 97152,WC7+O7V,HH88,,8.25,,-0.06,,VI,1500,,EW94,,7.886,-0.003,SB2,"DM81,SD87,SM89,LM96,NG99a"
56,N,42a,SMSP 9,,,,,11 12 15.90,-61 05 04.00,SM91,291.23,-0.49,SM91,SMSP 9,WN5,SM99*,,17.61,,1.46,,SM91,,,,,,,,
57,N,42b,SMSP 10,,,,,11 13 03.80,-62 14 18.00,SM91,291.75,-1.52,SM91,SMSP 10,WN4,SM99*,,16.96,,2.43,,SM91,,,,,,,,
58,N,42c,SMSP 11,,,,,11 14 01.60,-61 03 47.00,SM91,291.42,-0.39,SM91,SMSP 11,WN5,SM99*,,16.56,,1.36,,SM91,,,,,,,,
59,N,42d,SMSP 12,,,,,11 14 38.80,-61 11 16.00,SM91,291.54,-0.48,SM91,SMSP 12,WN5,SM99*,,15.28,,1.33,,SM91,,,,,,,,
60,N,43a,,,HD 97950-A1,LSS 2275a,,11 15 07.47,-61 15 38.16,DM95,291.62,-0.52,DM95,HD 97950-A1,WN6ha,CD98,,11.9,,0.74,,,2700,,CD98,,3.772,,SB1,"MN84,MS85,DM95,Mo00,Stv01"
61,N,43b,,,HD 97950-B,LSS 2275b,,11 15 07.58,-61 15 38.32,DM95,291.62,-0.52,DM95,HD 97950-B,WN6ha,CD98,,11.97,,0.74,,,2700,,CD98,,,,,St01
62,N,43c,,,HD 97950-C,LSS 2275c,,11 15 07.76,-61 15 37.75,DM95,291.62,-0.52,DM95,HD 97950-C,WN6ha,CD98,,12.37,,0.74,,,2500,,CD98,,,,,St01
63,,44,,,,LSS 2289,,11 16 57.86,-59 26 24.00,Wi99,291.18,1.26,VI,LSS 2289,WN4+OB?,"SS96*,t.w.",,12.96,,0.37,,VI,1400,,HK95,,,,d.e.l.,"CM89,t.w."
64,N,44a,SMSP 13,,,,,11 18 43.50,-61 26 37.00,SM91,292.09,-0.54,SM91,SMSP 13,WN4,SM99*,,16.2,,1.55,,SM91,,,,,,,,
65,,45,,,,LSS 2423,,11 38 05.20,-62 16 01.00,VIp,294.51,-0.6,VI,LSS 2423,WC6,VI,,14.8,,1.12,,SS90,2100,,TC86o,,,,,
66,N,45a,SMSNPL 1,,,,,11 46 18.22,-61 24 41.10,SM99,295.22,0.48,SM99,SMSNPL 1,WN5,SM99*,,16.69,,1.19,,SM99,,,,,,,,
67,N,45b,SMSNPL 2,,,,,11 48 46.18,-62 23 03.50,SM99,295.74,-0.39,SM99,SMSNPL 2,WN4,SM99*,,18.08,,1.4,,SM99,,,,,,,,
68,N,45c,SMSNPL 3,,,,,11 56 04.77,-62 44 05.30,SM99,296.64,-0.54,SM99,SMSNPL 3,WN5,SM99*,,15.44,,0.91,,SM99,,,,,,,,
69,,46,,DI Cru,HD 104994,LSS 2584,HIP 58954,12 05 18.73,-62 03 10.10,Hip,297.56,0.34,"VI,VG01",HD 104994,WN3p+OB?,"SS96*,t.w.",,10.87,,-0.03,,TM88,2450,,CS95c,,0.2825,-0.2727 +long term,"d.e.l., SB1?","CM89,VG95,NB95,MM96,MMH98,MA00,VGC01,VGH01,t.w."
70,N,46a,SMSNPL 4,,,,,12 13 02.29,-63 42 25.90,SM99,298.69,-1.15,SM99,SMSNPL 4,WN4,SM99*,,16,,1.04,,SM99,,,,,,,,
71,,47,,CD Cru,HDE 311884,LSS 2745,HIP 62115,12 43 51.01,-63 05 14.80,Hip,302.07,-0.23,VI,HD 311884,WN6+O5V,SS96,,11.08,,0.76,,TM88,,,,,6.2393,-0.0001,SB2,"LM87,SM89,MD90,LM96,GN99"
72,N,47a,SMSNPL 5,,We 21,,,12 45 51.27,-64 09 37.80,SM99,302.32,-1.3,"DR90,SM99",SMSNPL 5,WN8h,SM99,,15.98,,1.73,,SM99,,,,,,,,
73,N,47b,SMSNPL 6,,,,,12 48 07.63,-63 38 40.20,SM99,302.56,-0.78,SM99,SMSNPL 6,WN9h,SM99,,17.05,,1.93,,SM99,,,,,,,,
74,N,47c,SMSNPL 7,,,,,12 52 55.67,-63 46 39.10,SM99,303.1,-0.91,SM99,SMSNPL 7,WC5,SM99,,16.09,,1.4,,SM99,,,,,,,,
75,,48,theta Mus,,HD 113904,LSS 2933,HIP 64094,13 08 07.16,-65 18 21.70,Hip,304.67,-2.49,VI,theta Mus,WC6(+O9.5/B0Iab),"VI,Co84",,5.88,,-0.12,,SS90,,,,,18.341,-0.008,"SB1, VB","MS77,SD87,SM89,Hip97,MG98,HaM99,NG99a"
76,*,48b,SMSNPL 8,,IRAS 13082-6329,,,13 11 27.45,-63 46 00.80,SM99,305.14,-0.98,SM99,SMSNPL 8^b,WC9d,"SM99,Co00",,15.96,,1.07,,SM99,,,,,,,,
77,N,48a,Danks 1,,,,,13 12 39.65,-62 42 55.80,Wi98,305.36,0.06,DD83,Danks 1,WC8ed+?,HH88,,16.8,),1.7,),HH88,,,,>,7800,,"CWB, VB?","Wi97,Wi99,Wi01"
78,N,48c,SMSNPL 9,,,,,13 12 52.21,-63 23 46.40,SM99,305.33,-0.62,SM99,SMSNPL 9,WN3h+WC4,SM99,,13.98,,0.39,,SM99,,,,,,,,
79,,49,Th17-22,,,LSS 2979,GSC 8998-0104,13 13 51.33,-65 18 08.80,GSC,305.27,-2.53,VI,Th17-22,WN5(h),SS96,,13.84,,0.34,,TM88,1450,,HK95,,,,,
80,,50,,V864 Cen,Th2-84,LSS 3013,GSC 8994-2101,13 18 01.07,-62 26 04.50,GSC,306,0.28,"VI,Tu85",V864 Cen,WC7+OB,"SS90,t.w.",,12.49,,0.68,,HH88,2100,,TC86u,,1.06,,SB2,"CM89,GH90,SS90,GV91,t.w."
81,,51,Th17-85,,,LSS 3017,,13 18 22.80,-62 28 21.00,VIp,306.04,0.24,"VI,Tu85",Th17-85,WN4+OB?,"SS96*,t.w.",,14.64,,1.04,,TM88,1300,,HK95,,,,d.e.l.,"CM89,t.w."
82,,52,,,HD 115473,LSS 3020,HIP 64929,13 18 28.00,-58 08 13.60,Hip,306.5,4.54,VI,HD 115473,WC4,SS90,,9.86,,0.29,,TM88,3225,,PB90,,,,,NG99a
83,,53,,,HD 117297,LSS 3101,HIP 65925,13 30 53.26,-62 04 51.80,Hip,307.53,0.44,VI,HD 117297,WC8d,WH00,,10.88,,0.42,,TM88,1400,,TC86u,,,,,
84,,54,Th17-89,,,LSS 3111,GSC 8999-3295,13 32 43.79,-65 01 27.90,GSC,307.27,-2.5,VI,Th17-89,WN5,SS96*,,12.99,,0.46,,VI,1300,,HK95,,,,,
85,,55,,V972 Cen,HD 117688,LSS 3114,HIP 66142,13 33 30.13,-62 19 01.20,Hip,307.8,0.16,VI,HD 117688,WN7,SS96*,,10.87,,0.4,,VI,1100,,HK95,,8.84,,,MMH98
86,,56,LS 8,,,LSS 3117,GSC 8999-1206,13 33 45.37,-64 07 31.50,GSC,307.53,-1.63,VI,LS 8,WC7,HH88,,13.87,,0.44,,TM88,1600,,TC86u,,,,,
87,N,56a,SMSNPL 10,,,,,13 41 14.27,-60 53 52.50,SM99,308.95,1.39,SM99,SMSNPL 10,WN5,SM99*,,15.91,,1.32,,SM99,,,,,,,,
88,,57,,,HD 119078,LSS 3149,HIP 66948,13 43 16.37,-67 24 04.90,Hip,307.89,-5.03,VI,HD 119078,WC8,SS90,,10.02,,0.1,,TM88,1770,,PB90,,,,,
89,,58,,,,LSS 3162,GSC 9016-1189,13 49 04.52,-65 41 56.00,GSC,308.82,-3.49,VI,LSS 3162,WN4/WCE,SS96*,,13.05,,0.57,,TM88,1600,,HK95,,,,,
90,,59,,,,LSS 3164,GSC 9004-3553,13 49 32.66,-61 31 42.20,GSC,309.8,0.57,VI,LSS 3164,WC9d,HH88,,13.9,,1.24,,VI,1400,,TC86o,,,,,
91,,60,,,HD 121194,LSS 3173,,13 55 48.10,-61 09 50.00,VIp,310.61,0.74,VI,HD 121194,WC8,VI,,13.25,,1.04,,SS90,1880,,EW94,,,,,
92,,61,,CF Cir,,LSS 3208,HIP 69445,14 13 03.53,-65 26 52.70,Hip,311.28,-3.91,VI,CF Cir,WN5,SS96*,,12.41,,0.36,,TM88,1400,,HK95,,,,,
93,,62,NS 2,,Wra 16-154,,,14 31 06.10,-61 20 58.30,L2,314.59,-0.75,VI,NS 2,WN6,SS96*,,14.22,,1.6,,HH88,1800,,HK95,,,,,
94,N,62a,SMSNPL 11,,,,,14 32 38.18,-61 29 55.40,SM99,314.7,-0.96,SM99,SMSNPL 11,WN4,SM99*,,13.8,,1.24,,SM99,,,,,,,,
95,N,62b,SMSNPL 12,,,,,14 46 41.01,-61 06 56.50,SM99,316.4,-1.29,SM99,SMSNPL 12,WN5,SM99*,,17.26,,1.77,,SM99,,,,,,,,
96,,63,,,,LSS 3289,GSC 8692-0361,14 50 58.31,-59 51 26.70,GSC,317.42,-0.39,VI,LSS 3289,WN7+OB,"SS96*,t.w.",,12.83,,1.27,,TM88,1350,,EW94,,,,"a, d.e.l.","CM89,SS96,t.w."
97,,64,BS 3,,,,,14 56 55.30,-55 50 58.00,VIp,319.95,2.82,VI,BS 3,WC7,VI,,15.57,,0.16,,HH88,1900,,TC86o,,,,,
98,,65,Wra 1297,,,LSS 3319,,15 13 41.68,-59 11 43.30,L2,320.27,-1.2,VI,Wra 1297,WC9d+OB?,"VI,t.w.",,14.5,,1.41,,TM88,1200,,TC86o,,,,d.e.l.,"CM89,SS90,t.w."
99,,66,,CC Cir,HD 134877,LSS 3322,HIP 74634,15 14 57.72,-59 50 30.20,Hip,320.07,-1.83,VI,HD 134877,WN8(h)+cc?,SS96,,11.66,,0.73,,TM88,1500,,HK95,,3.515,", 0.146, long term","no d.e.l., SB1?, VB","CM89,AB95,RG96,Hip97,MMH98,t.w."
100,,67,,,,LSS 3329,GSC 8706-0600,15 15 32.61,-59 02 30.80,GSC,320.55,-1.19,VI,LSS 3329,WN6+OB?,"SS96*,t.w.",,12.12,,0.87,,TM88,1500,,HK95,,,,d.e.l.,"CM89,t.w."
101,,68,BS 4,,,LSS 3333,,15 18 21.00,-59 38 10.00,VIp,320.54,-1.88,VI,BS 4,WC7,VI,,14.09,,0.97,,SS90,2050,,KH95,,,,,
102,N,68a,SMSNPL 13,,,,,15 23 16.56,-57 44 19.30,SM99,322.1,-0.63,SM99,SMSNPL 13,WN6,SM99*,,14.41,,1.46,,SM99,,,,,,,,
103,,69,,,HD 136488,LSS 3348,HIP 75377,15 24 11.31,-62 40 37.50,Hip,319.48,-4.82,VI,HD 136488,WC9d+OB,WH00,,9.43,,0.14,,VI,1340,,EW94,,2.293,-0.005,SB2,"MMH98,NG99a,WH00"
104,,70,,,HD 137603,LSS 3362,HIP 75863,15 29 44.70,-58 34 51.20,Hip,322.34,-1.81,VI,HD 137603,WC9vd+B0I,Ni95,,10.1,,0.96,,TM88,1150,,EW94,>,4000,,SB2,"Go87,SM89,Ni95,Wi97,NG99a,Wi01"
105,N,70a,SMSNPL 14,,,,,15 59 25.40,-54 12 44.90,SM99,328.25,-0.85,SM99,SMSNPL 14,WN6,SM99*,,16.9,,1.23,,SM99,,,,,,,,
106,,71,,LT TrA,HD 143414,,HIP 78689,16 03 49.35,-62 41 35.80,Hip,323.08,-7.61,VI,HD 143414,WN6+OB?,"SS96*,t.w.",,10.23,,-0.05,,TM88,1590,,PB90,,7.69,", long term","d.e.l., SB2?","LM87,CM89,SS96,MMH98,t.w."
107,,73,NS 3,,Wra 16-206,,,16 12 37.50,-46 37 35.00,VIp,334.89,3.38,VI,NS 3,WC9d,HH88,,15.23,,1.23,,SS90,1900,,TC86o,,,,,
108,,74,BP 1,,,,,16 16 13.70,-51 36 41.00,VIp,331.88,-0.64,VI,BP 1,WN7,SS96*,,13.98,,1.58,,TM88,1300,,HK95,,,,,
109,,75,,,HD 147419,LSS 3595,TYC 8324 3694,16 24 26.23,-51 32 06.10,Tyc,332.84,-1.48,VI,HD 147419,WN6,SS96*,,11.23,,0.71,,TM88,2300,,HK95,,,,,
110,N,75a,SMSNPL 15,,,,,16 26 37.27,-50 19 22.80,SM99,333.95,-0.88,SM99,SMSNPL 15,WC9,SM99,,14.51,,1.53,,SM99,,,,,,,,
111,N,75b,SMSNPL 16,,SPH 149,,,16 28 17.19,-48 17 43.00,SM99,335.59,0.33,SM99,SMSNPL 16,WC9,SM99,,16.09,,1.71,,SM99,,,,,,,,
112,,76,,,SPH 152,LSS 3693,,16 40 05.30,-45 41 10.00,VIp,338.88,0.62,VI,LSS 3693,WC9d,HH88,,15.46,,1.12,,HH88,1000,,TC86o,,,,,
113,,77,He3-1239,,,LSS 3703,GSC 8330-4677,16 41 19.12,-48 01 59.60,GSC,337.26,-1.09,VI,He3-1239,WC8+OB,"CV90,t.w.",,13,,0.61,,TM88,1900,,TC86o,,,,"a, d.e.l.","CM89,CV90,SS90,t.w."
114,,78,HR 6249,V919 Sco,HD 151932,LSS 3785,HIP 82543,16 52 19.25,-41 51 16.20,Hip,343.22,1.43,VI,HD 151932,WN7h,SS96,,6.61,,0.21,,VI,1385,,CS95b,,2.243,", 13.28, 22.7",eclipse?,"BE89,MMH98,NG99a"
115,,79,HR 6265,,HD 152270,LSS 3810,HIP 82706,16 54 19.70,-41 49 11.50,Hip,343.49,1.16,VI,HD 152270,WC7+O5-8,VI,,6.95,,0.01,,VI,2270,,PB90,,8.8908,-0.0005,"SB2, VB","SD87,SM89,LM96,MMH98,HaM99,NG99a"
116,N,79a,HR 6272,,HD 152408,LSS 3828,HIP 82775,16 54 58.51,-41 09 03.10,Hip,344.08,1.49,LSS,HD 152408,WN9ha,BoC99,,5.29,,0.15,,Cr98,935,,BoC99,,,,VB,"MG98,MMH98"
117,N,79b,,,HD 152386,LSS 3825,TYC 7880 313 1,16 55 06.45,-44 59 21.40,Tyc,341.11,-0.94,LSS,HD 152386,WN9ha,BoC99,,8.32,,0.55,,Cr98,1650,,BoC99,,,,VB,MG98
118,,80,,,,LSS 3871,,16 59 02.20,-45 43 06.00,VIp,340.97,-1.93,VI,Wra 1581,WC9d,VI,,14.63,,1.6,,SS90,1200,,TC86o,,,,,
119,,81,He3-1316,,,LSS 3891,GSC 8327-0141,17 02 40.39,-45 59 15.50,GSC,341.15,-2.6,VI,He3-1316,WC9,WH00,,12.71,,1.1,,TM88,910,,EW94,,,,,
120,,82,LS 11,,,LSS 3896,GSC 8328-1231,17 04 04.61,-45 12 15.00,GSC,341.92,-2.32,VI,LS 11,WN7(h),SS96,,12.41,,0.85,,TM88,1100,,HK95,,2.02,", 13.9",,AB95
121,,83,He3-1344,,,LSS 3948,,17 10 54.50,-46 36 18.00,VIp,341.51,-4.11,VI,He3-1344,WN5,SS96*,,12.79,,0.79,,TM88,,,,,,,,
122,,84,The 3,,Th31-1,LSS 3951,GSC 7874-0307,17 11 21.70,-39 53 22.20,GSC,346.98,-0.21,VI,The 3,WN7,SS96*,,13.55,,1.06,,TM88,1100,,HK95,,,,,
123,,85,,,HD 155603-B,LSS 3982,TYC 7874 1219,17 14 27.13,-39 45 47.00,Tyc,347.43,-0.61,VI,LSS 3982,WN6h+OB?,"SS96,t.w.",,10.6,,0.57,,TM88,,,,,,,"d.e.l., VB","HH88,CM89,Hip97,t.w."
124,,86,,V1035 Sco,HD 156327,LSS 4057,HIP 84655,17 18 23.06,-34 24 30.60,Hip,352.25,1.85,VI,HD 156327,WC7 (+B0III-I),NS98,,9.63,,0.43,,TM88,1855,,EW94,,0.1385,-0.0002,"SB1?, VB","JB63,HH88,ML88,CM89,SS90,GV91,NS98,NG99a,t.w."
125,,87,,,,LSS 4064,GSC 7870-1223,17 18 52.89,-38 50 04.50,GSC,348.69,-0.77,VI,LSS 4064,WN7h+OB,"SS96,t.w.",,12.59,,1.58,,TM88,1400,,CS95b,,,,"a, d.e.l.","CM89,t.w."
126,,88,The 1,,CD-33 11955,LSS 4068,,17 18 49.50,-33 57 39.80,L2,352.67,2.04,VI,The 1,WC9,WH00,,13.25,,1,,TM88,1125,,EW94,,,,,
127,,89,AS 223,,CD-38 11746,LSS 4065,HIP 84716,17 19 00.52,-38 48 51.20,Hip,348.72,-0.78,VI,AS 223,WN8h+OB,"SS96,t.w.",,11.53,,1.22,,TM88,1600,,CS95b,,,,"a, d.e.l., VB","CM89,Hip97,t.w."
128,,90,,,HD 156385,LSS 4066,HIP 84757,17 19 29.90,-45 38 23.80,Hip,343.16,-4.76,VI,HD 156385,WC7,VI,,7.45,,-0.12,,VI,2045,,PB90,,,,,NG99a
129,,91,StSa 1,,,,,17 20 22.00,-38 56 47.00,VIp,348.76,-1.07,VI,StSa 1,WN7,SS96*,,15.76,,1.5,,TM88,1700,,HK95,,,,,
130,,92,,,HD 157451,LSS 4144,TYC 7895 1089,17 25 23.15,-43 29 31.90,GSC,345.54,-4.42,VI,HD 157451,WC9,WH00,,10.43,,0.07,,TM88,1100,,EW94,,,,,
131,,93,Th10-19,,HD 157504,LSS 4148,GSC 7383-0162,17 25 08.88,-34 11 12.80,GSC,353.23,0.83,VI,HD 157504,WC7+O7-9,HH88,,11.45,,1.15,,SS90,2600,,TC86o,,,,SB2?,"LS84,LT84,CM89,SS90,t.w."
132,N,93a,Th3-28,,,,,17 30 56.80,-26 59 10.00,Th64p,359.92,3.78,Th64,Th3-28,WN2.5-3,AS90,,13.9,),,,Th64,,,,,,,,
133,,94,Th10-27,,HD 158860,LSS 4208,GSC 7380-0394,17 33 07.14,-33 38 23.70,GSC,354.6,-0.25,VI,HD 158860,WN5,SS96*,,12.27,,0.74,,VI,,,,,,,,
134,,95,He3-1434,,,LSS 4261,,17 36 19.76,-33 26 10.90,L2,355.13,-0.7,VI,He3-1434,WC9d,VI,,14,,1.29,,TM88,1100,,TC86o,,,,,
135,,96,,,,LSS 4265,,17 36 24.20,-32 54 29.00,VIp,355.58,-0.43,VI,LSS 4265,WC9d,HH88,,14.14,,1.01,,VI,1100,,TC86o,,,,,
136,,97,,,HDE 320102,LSS 4275,HIP 86197,17 36 53.62,-34 02 36.80,Hip,354.68,-1.12,VI,HDE 320102,WN5+O7,SS96*,,11.14,,0.68,,TM88,1900,,EW94,,12.595,,SB2,"SM89,NC95,NR96,LM96,MMH98"
137,,98,Tr27-105,,HDE 318016,LSS 4282,GSC 7380-0192,17 37 13.75,-33 27 55.90,GSC,355.21,-0.87,VI,HDE 318016,WN8/WC7,SS96*,,12.51,,1.08,,VI,1200,,EW94,,48.7,,SB1,"Ni91,MMEv98"
138,N,98a,,,IRAS 17380-3031,,,17 41 12.90,-30 32 29.00,WC95p,358.13,-0.03,WC95,IRAS 17380-3031,WC8-9vd+?,CH91,,19.7,),,,CH91,,,,,565,-50,CWB,"WC95,Mo99,MT99,TM01,Wi01"
139,,100,,,HDE 318139,LSS 4334,GSC 7381-1214,17 42 09.77,-32 33 24.70,GSC,356.53,-1.26,VI,HDE 318139,WN7,SS96*,,13.44,,1.17,,VI,1600,,HK95,,,,,
140,,101,DA 3,,,,,17 45 09.10,-31 50 16.00,VIp,357.47,-1.43,VI,DA 3,WC8,HH88,,16.4,,1.5,,HH88,,,,,,,,
141,N,101a,BSD 1,,,,,17 45 39.49,-29 00 34.22,BS96,359.94,-0.05,BS95,BSD 1,WC9,BS95,,,,,,,,,,,,,,
142,N,101b,KGE 1,,AF-NW,,,17 45 39.57,-29 00 31.96,BS96,359.94,-0.05,KG95,AF-NW,WN9-11,"Cr99,GP00",,,,,,,,,,,,,,
143,N,101c,KGE 2,,AF,,,17 45 39.63,-29 00 35.57,BS96,359.94,-0.05,KG95,AF,WN9-11,Cr99,,,,,,,,,,,,,,
144,N,101d,KGE 3,,GC IRS 6E,,,17 45 39.63,-29 00 27.00,Kr98,359.94,-0.05,KG95,GC IRS 6E,WC9,KG95,,,,,,,,,,,,,,
145,N,101e,KGE 4,,GC IRS 7W,,,17 45 39.75,-29 00 22.80,Kr98,359.94,-0.05,KG95,GC IRS 7W,WN9-10,NK97,,,,,,,,,,,,,,
146,N,101f,KGE 5,,GC IRS 13E1,,,17 45 39.80,-29 00 29.50,Ec98,359.94,-0.05,KG95,GC IRS 13E1,WN9-10+?,"NK97,GP00",,,,,,,,,,,,,over-luminous,CP00
147,N,101g,KGE 6,,GC IRS 29N,,,17 45 39.91,-29 00 26.40,Kr98,359.94,-0.05,KG95,GC IRS 29N,WC9,KG95,,,,,,,,,,,,,,
148,N,101h,KGE 7,,"MPE -1.0,-3.5",,,17 45 39.97,-29 00 25.80,Kr98,359.94,-0.05,KG95,"MPE -1.0,-3.5",WC9,KG95,,,,,,,,,,,,,,
149,N,101i,KGE 8,,GC IRS 15SW,,,17 45 40.02,-29 00 16.70,BS96,359.95,-0.04,KG95,GC IRS 15SW,WN9-11,Cr99,,,,,,,,,,,,,,
150,N,101j,KGE 9,,GC IRS 16NW,,,17 45 40.05,-29 00 27.40,BS96,359.94,-0.05,KG95,GC IRS 16NW,WN9-11,"Cr99,GP00",,,,,,,,,,,,,,
151,N,101k,KGE 10,,GC IRS 16S,,,17 45 40.09,-29 00 29.83,BS96,359.94,-0.05,KG95,GC IRS 16SW,WN9-11+?,"Cr99,OE99",,,,,,,,,,,9.72,,eclipse,"TW96,OE99"
152,N,101l,KGE 11,,GC IRS 16C,,,17 45 40.12,-29 00 28.29,BS96,359.94,-0.05,KG95,GC IRS 16C,WN9-11,"Cr99,GP00",,,,,,,,,,,,,,
153,N,101m,KGE 12,,GC IRS 15N,,,17 45 40.13,-29 00 17.07,BS96,359.94,-0.05,KG95,GC IRS 15NE,WN9-11,Cr99,,,,,,,,,,,,,,
154,N,101n,KGE 13,,"MPE +1.6,-6.8",,,17 45 40.17,-29 00 28.90,Kr98,359.94,-0.05,KG95,"MPE +1.6,-6.8",WC9,KG95,,,,,,,,,,,,,,
155,N,101o,KGE 14,,"MPE +2.7,-6.9",,,17 45 40.21,-29 00 29.20,Kr98,359.94,-0.05,KG95,"MPE +2.7,-6.9",WC9,KG95,,,,,,,,,,,,,,
156,,102,Sand 4,V3899 Sgr,,LSS 4368,,17 45 47.00,-26 10 29.00,VIp,2.38,1.41,VI,Sand 4,WO2,CDB98,,15.1,,0.77,,SS90,4700,,TC86o,,,,,
157,N,102a,CSE1,,,,,17 45 48.50,-28 50 05.00,CS99,0.11,0.02,CS99,CSE 1,WN8,CS99,,,,,,,,,,,,,,
158,N,102b,CSE2,,,,,17 45 50.40,-28 59 19.80,CS99,359.98,-0.07,CS99,CSE 2,WN6,CS99,,,,,,,,,,,,,,
159,N,102c,FMM96-1,,qF 353E,,,17 46 11.20,-28 49 05.60,FM99p,0.17,-0.04,FM99a,FMM 96-1,WN6,FM96,,,,,,,,,,,,,,
160,N,102d,FMM95-1,,qF 320,,,17 46 14.20,-28 49 16.80,FM99p,0.17,-0.06,FM99a,FMM 95-1,WN9,FM95,,,,,,,,,,,,,,
161,N,102e,FMM96-2,,qF 151,,,17 46 14.90,-28 50 00.80,FM99p,0.16,-0.06,FM99a,FMM 96-2,WC8,FM96,,,,,,,,,,,,,,
162,N,102f,FMM96-3,,qF 235N,,,17 46 15.17,-28 49 40.35,FM99p,0.16,-0.06,FM99a,FMM 96-3,WC<8+?,FM96,,,,,,,,,,~,700,,var.,GM99
163,N,102g,FMM99-1,,qF 235S,,,17 46 15.18,-28 49 42.52,FM99p,0.16,-0.06,FM99a,FMM 99-1,WC<8,FM99,,,,,,,,,,,,,,
164,N,102h,FMM95-2,,qF 76,,,17 46 15.60,-28 50 18.60,FM99p,0.16,-0.07,FM99a,FMM 95-2,WC9,FM95,,,,,,,,,,,,,,
165,N,102i,FMM96-4,,qF 256,,,17 46 16.60,-28 49 32.10,FM99p,0.17,-0.07,FM99a,FMM 96-4,WN9+?,FM96,,,,,,,,,,~,700,,var.,GM99
166,N,102j,FMM96-5,,qF 274,,,17 46 17.60,-28 49 29.20,FM99p,0.17,-0.07,FM99a,FMM 96-5,WN9,FM96,,,,,,,,,,,,,,
167,N,102k,FMM96-6,,qF 309,,,17 46 17.60,-28 49 18.90,FM99p,0.17,-0.07,FM99a,FMM 96-6,WC<8,FM96,,,,,,,,,,,,,,
168,*,102l,SMSNPL 17,,,,,18 00 34.32,-22 47 39.20,SM99,7,0.23,SM99,SMSNPL 17^c,WN8,SM99*,,15.53,,1.8,,SM99,,,,,,,,
169,,103,,V4072 Sgr,HD 164270,LSS 4552,HIP 88287,18 01 43.14,-32 42 55.20,Hip,358.49,-4.89,VI,HD 164270,WC9d+?,VI,,8.86,,-0.02,,TM88,1100,,EW94,,1.7556,,"SB1, no d.e.l.","IM81,GH86,MLC86,SD87,BE89,CM89,SH89,SS90,NG99a,t.w."
170,,104,Ve2-45,V1946 Sgr,IRC -20 417,,,18 02 04.07,-23 37 41.20,L2,6.44,-0.49,VI,Ve2-45,WC9d+B0.5V (+VB),WH00,,13.54,,1.31,,VI,1220,,HS92,,243.5,-3,"SB2, VB","Cr97,MT99,TM99,WS99,WH00,TM01,Wi01,WM01"
171,,105,Ve2-47,,"NS 4, AS 268",LSS 4569,GSC 6842-1547,18 02 23.46,-23 34 37.70,GSC,6.52,-0.52,VI,Ve2-47,WN9h,SS96,,12.92,,1.84,:,Ma84,700,,BoC99,,,,,MMEv98
172,,106,IC14-8,,HDE 313643,LSS 4628,GSC 6263-1874,18 04 43.66,-21 09 30.70,GSC,8.9,0.2,VI,HDE 313643,WC9d,VI,,12.33,,0.8,,SS90,1100,,TC86o,,,,,
173,,107,DA 1,,AD2-11,,,18 04 46.10,-21 51 27.00,VIp,8.29,-0.16,VI,DA 1,WN8,SS96*,,14.1,,1.32,:,HH88,,,,,,,,
174,N,107a,SMSNPL 18,,,,,18 05 11.48,-22 13 22.40,SM99,8.02,-0.42,SM99,SMSNPL 18,WC6,SM99,,16.43,,1.32,,SM99,,,,,,,,
175,,108,LS 14,,HDE 313846,LSS 4637,HIP 88597,18 05 25.74,-23 00 20.30,Hip,7.36,-0.85,VI,HDE 313846,WN9h+OB,"SS96,t.w.",,10.16,,0.8,,Cr98,1210,,BoC99,,,,"a, d.e.l.","CM89,t.w."
176,,109,NS 5,V617 Sgr,,,,18 07 51.50,-35 10 20.00,VIp,356.94,-7.19,VI,V617 Sgr,WN5h+?,SS96,,14.48,,0,,HH88,,,,,0.207,,SB1,"SC88,SD98,CD99,SC99"
177,,110,,,HD 165688,LSS 4678,HIP 88828,18 07 56.96,-19 23 56.80,Hip,10.8,0.39,VI,HD 165688,WN5-6,SS96*,,10.3,,0.75,,Ma84,2100,,EW94,,,,,
178,,111,,,HD 165763,LSS 4685,HIP 88856,18 08 28.47,-21 15 11.20,Hip,9.24,-0.61,VI,HD 165763,WC5,VI,,8.23,,-0.02,,Ma84,2300,,HM99,,,,,NG99a
179,,112,GL 2104,,IRAS 18136-1859,,,18 16 33.49,-18 58 42.50,L2,12.15,-1.19,VI,GL 2104,WC9d+OB?,"MC83,t.w.",,18.8,,1.3,,MC83,,,,,,,"d.e.l., VB","CM89,SS90,WM01,t.w."
180,,113,,CV Ser,HD 168206,LS IV-11 14,HIP 89769,18 19 07.36,-11 37 59.20,Hip,18.91,1.75,VI,HD 168206,WC8d+O8-9IV,VI,,9.43,,0.46,,Ma84,1700,,EW94,,29.704,-0.002,SB2,"SM89,LM96,NM96,NG99a"
181,,114,IC14-17,,HD 169010,LSS 4994,GSC 5702-1056,18 23 16.39,-13 43 25.80,GSC,17.54,-0.13,VI,HD 169010,WC5+OB?,"VI,t.w.",,12.95,,0.91,,Ma84,2000,,EW94,,,,d.e.l.,"CM89,SS90,t.w."
182,,115,IC14-19,,,LSS 5023,HIP 90299,18 25 30.01,-14 38 40.90,Hip,16.98,-1.03,VI,IC14-19,WN6+OB?,"SS96*,t.w.",,12.32,,1.1,,Ma84,1280,,HK95,,,,d.e.l.,"CM89,t.w."
183,,116,AS 306,,,LS IV-12 59,GSC 5698-3822,18 27 04.28,-12 22 52.30,GSC,19.16,-0.32,VI,ST 1,WN8h,SS96,,13.38,,1.41,,Ma84,800,,HK95,,,,,MMEv98
184,,117,IC14-22,,,LS IV-6 7,GSC 5124-1254,18 31 02.54,-06 35 49.50,GSC,24.74,1.5,VI,IC14-22,WC9d,SS90,,14.19,,1.15,,VI,2000,,TC86o,,,,,
185,,118,GL 2179,,IRAS 18289-1001,,,18 31 42.30,-09 59 15.00,VIp,21.81,-0.21,VI,GL 2179,WC9d,CV90,,22,),3,),HH88,,,,,,,,
186,,119,The 2,,Th20-1,LS IV-10 13,GSC 5696-0847,18 39 17.91,-10 05 31.10,GSC,22.57,-1.92,VI,The 2,WC9d,WH00,,12.41,,0.63,,Ma84,1200,,TC86o,,,,,
187,,120,Vy1-3,,Th14-4,LS IV-4 14,GSC 5121-0128,18 41 00.88,-04 26 14.30,GSC,27.8,0.29,VI,Vy1-3,WN7,SS96*,,12.3,,1.02,,Ma84,1225,,CS95b,,,,,MMEv98
188,,121,AS 320,,,LS IV-3 9,HIP 91911,18 44 13.15,-03 47 57.80,Hip,28.73,-0.13,VI,AS 320,WC9d,VI,,12.41,,0.97,,Ma84,1100,,TC86o,,,,,MMH98
189,N,121a,W43#1,,,,,18 47 36.00,-01 56 32.90,BD99,30.77,-0.03,BD99s,W 43#1,WN7+a/OB?,BD99,,,,,,,,,,,,,d.e.l.,BD99
190,,123,,V1402 Aql,HD 177230,LS IV-4 33,HIP 93626,19 03 59.02,-04 19 01.90,Hip,30.51,-4.75,VI,HD 177230,WN8,SS96*,,11.26,,0.43,,Ma84,970,,CS95b,,2.349,,"SB1?, no d.e.l.","MS86,CM89,MM98,MMH98,MMEv98,t.w."
191,,124,209 BAC,QR Sge,Merrill's star,LS II+16 4,HIP 94289,19 11 30.88,+16 51 38.20,Hip,50.2,3.31,VI,"QR Sge, 209 BAC",WN8h,SS96,,11.58,,0.81,,Ma84,710,,CP99,,1.75,"?, 2.73","SB1?, no d.e.l.","MS86,CM89,BE89,MMEv98,t.w."
192,,125,IC14-36,V378 Vul,,,GSC 1609-0416,19 28 15.57,+19 33 21.10,GSC,54.44,1.06,VI,V378 Vul,WC7ed+O9III,WH94,,13.52,,1.32,,Ma84,2900,,WH92,,4.6,", > 6600",SB2,"MS86,WH92,WH94,Wi97,Wi01"
193,,126,ST 2,,,,GSC 2146-2748,19 39 56.20,+26 34 42.00,GSC,61.89,2.11,VI,ST 2,WC5/WN,CV90,,13.29,,0.7,,Ma84,2500,,KH95,,,,,
194,,127,,QY Vul,HD 186943,LS II+28 7,HIP 97281,19 46 15.94,+28 16 19.10,Hip,64.06,1.73,VI,HD 186943,WN3+O9.5V,SS96,,10.33,,0.15,,Ma84,,,,,9.555,,SB2,"Ma81,MS86,SM89,LM96, MMH98"
195,,128,,QT Sge,HD 187282,LS II+18 14,HIP 97456,19 48 32.20,+18 12 03.70,Hip,55.62,-3.79,VI,HD 187282,WN4(h)+OB?,"SS96,t.w.",,10.54,,-0.01,,Ma84,2050,,CS95c,,3.56,", 3.871",SB2?,"La83,AC85,MS86,CM89"
196,,129,Sey 1,,,,GSC 2669-4572,19 48 18.25,+30 26 52.10,GSC,66.16,2.44,VI,Sey 1,WN4,SS96*,,13.27,,0.55,,Ma84,1320,,HK95,,,,,
197,,130,LS 16,,,,GSC 2670-1448,19 59 12.68,+31 27 09.70,GSC,68.22,0.98,VI,LS 16,WN8(h),SS96,,12.6,,1.18,,Ma84,1000,,HK95,,,,,MMEv98
198,,131,IC14-52,,,LS II+33 14,HIP 98466,20 00 19.12,+33 15 51.10,Hip,69.9,1.71,VI,IC14-52,WN7h+OB,SS96,,12.36,,0.73,,Ma84,1400,,CS95b,,,,"a, d.e.l.","CM89,t.w."
199,,132,,,HD 190002,LS II+32 12,GSC 2674 1901,20 01 39.75,+32 34 18.10,GSC,69.46,1.1,VI,HD 190002,WC6+?,VI,,13.49,,0.7,,Ma84,2000,,KH95,,8.16,,SB1,BF83
200,,133,,V1676 Cyg,HD 190918,LS II+35 33,HIP 99002,20 05 57.33,+35 47 18.20,Hip,72.65,2.06,VI,HD 190918,WN5+O9I,SS96*,,6.7,,0,,Ma84,1800,,EW94,,112.4,-0.2,"SB2, VB","SM89,Be94,UH94,Be95,Hip97,MMH98,NG99a"
201,,134,,V1769 Cyg,HD 191765,LS II+36 23,HIP 99377,20 10 14.20,+36 10 35.10,Hip,73.45,1.55,VI,HD 191765,WN6,SS96*,,8.23,,0.2,,Ma84,2050,,CS96,,1.2707,", 1.81, 2.25, 37.2, 614","SB1?, no d.e.l","MS86,CM89,RM89,MM93,McB94,MMH98,MM99,NG99a,t.w."
202,,135,,V1042 Cyg,HD 192103,LS II+36 27,HIP 99525,20 11 53.53,+36 11 50.60,Hip,73.65,1.28,VI,HD 192103,WC8,VI,,8.36,,-0.03,,Ma84,1525,,EW94,,,,,"MS86,NG99a,LD00"
203,,136,,V1770 Cyg,HD 192163,LS II+38 11,HIP 99546,20 12 06.55,+38 21 17.80,Hip,75.48,2.43,VI,HD 192163,WN6(h),SS96*,,7.65,,0.23,,Ma84,1750,,CS96,,4.554,", 0.31, 0.45","SB1?, no d.e.l.","KF80,AC85,As82,VA85,MS86,CM89,RM89,SS96,NG99a,t.w."
204,,137,,V1679 Cyg,HD 192641,LS II+36 38,HIP 99769,20 14 31.77,+36 39 39.60,Hip,74.33,1.09,VI,HD 192641,WC7pd+O9,"SS90,WK01",,8.15,,0.14,,Ma84,1900,,EW94,,4765,-50,SB2,"MS86,An95,Wi97,NG99a,WH99,An00,WK01,Wi01"
205,,138,,,HD 193077,LS II+37 43,HIP 99982,20 17 00.03,+37 25 23.80,Hip,75.23,1.11,VI,HD 193077,WN5+B?,"SS96*,t.w.",,8.1,,0.22,,Ma84,1400,,HS92,,11.6,", 1538","SB2, VB","LM82,MS86,An91,Hip97,MMH98,NG99a"
206,,139,,V444 Cyg,HD 193576,LS II+38 42,HIP 100214,20 19 32.42,+38 43 54.00,Hip,76.6,1.43,VI,HD 193576,WN5+O6III-V,SS96*,,8.1,,0.38,,Ma84,1600,,EW94,,4.2124,35,SB2,"MS86,SM89,RM90,MMK94,Hip97,MMH98,NG99a"
207,,140,,V1687 Cyg,HD 193793,LS III+43 7,HIP 100287,20 20 27.98,+43 51 16.30,Hip,80.93,4.18,VI,HD 193793,WC7pd+O4-5,WH90,,7.07,,0.27,,Ma84,2870,,EW94,,6.25,", 2900+-10","SB2, VB","MS86,WHW87,ML87,SM89,WH90,An95,HaM99,NG99a,Wi01"
208,,141,,,HD 193928,LS II+36 65,HIP 120155,20 21 31.73,+36 55 12.80,Hip,75.33,0.08,VI,HD 193928,WN5+O5V-III,SS96*,,10.14,,0.71,,Ma84,1550,,EW94,,21.6895,-0.0003,SB2,"MS86,SM89,GM91,LM96,MMEe98,IV99"
209,,142,Sand 5,,,,GSC 2684-0001,20 21 44.36,+37 22 30.30,GSC,75.73,0.3,"VI,TF82",Sand 5,WO2,CDB98,,13.82,,1.39,,Ma84,5000,,HS92,,,,,
210,,143,,,HD 195177,LS II+38 90,GSC 3152-1081,20 28 22.68,+38 37 18.90,GSC,77.5,-0.05,VI,HD 195177,WC4+OB?,"SS90,t.w.",,11.95,,1.21,,Ma84,2750,,EW94,,,,d.e.l.,"CM89,t.w."
211,,144,HM19-1,,,,,20 32 03.10,+41 15 19.90,VIp,80.04,0.93,VI,HM19-1,WC4,HH88,,15.49,,,,Ma84,2400,,TC86o,,,,,
212,,145,AS 422,V1923 Cyg,,,GSC 3157-0233,20 32 06.28,+40 48 29.70,GSC,79.69,0.66,VI,"V1923 Cyg, AS 422",WN7/WCE+?,SS96*,,12.55,,1.63,,Ma84,1390,,CS95d,,20,-0.4,SB1,"RC89,SM89"
213,N,145a,Cyg X-3,V1521 Cyg,,,,20 32 26.60,+40 57 09.00,Sim,79.84,0.69,"WK89,FB96",Cyg X-3,WNE+cc,"KC92,HS00",>,23.9,),21.1,),KG96,2700,,Sc93,,0.1997,,SB1,"KB89,KC92,Ke93,CM94,KG96,MM96,SG96,HS00"
214,,146,HM19-3,,,,GSC 3161-1125,20 35 47.09,+41 22 44.71,DW00,80.56,0.45,VI,HM19-3,WC6+O8,DW00,,13.91,,2.38,,WiD97,2700,,WiD97,,1235,#NAME?,"SB2, VB","DW96,NS98,SB00"
215,,147,AS 431,,IRAS 20349+4010,,,20 36 43.65,+40 21 07.32,WD97p,79.85,-0.32,VI,AS 431,WN8(h)+B0.5V,WD97,,14.89,,2.15,,Ma84,950,,MvH00,,2880,#NAME?,"SB2, VB","WD97,NS98,SB01"
216,,148,AS 438,V1696 Cyg,HD 197406,LS III+52 2,HIP 102088,20 41 21.55,+52 35 15.20,Hip,90.08,6.47,VI,HD 197406,WN8h+B3IV/BH,SS96,,10.46,,0.36,,Ma84,1000,,HK95,,4.3173,64 + long term,"SB1, d.e.l.","MS80,DL86,MS86,CM89,Mo92,Hip97,MMEv98,PA00,t.w."
217,,149,ST 4,,,,GSC 3592-6255,21 07 11.68,+48 25 36.20,GSC,89.53,0.65,VI,ST 4,WN5,SS96*,,14.7,,1.2,,Ma84,1100,,HK95,,,,,
218,,150,ST 5,,,,GSC 3616-1163,21 50 05.57,+50 42 24.80,GSC,96.13,-2.48,VI,ST 5,WC5,HH88,,13.47,,0.53,,Ma84,2600,,KH95,,,,,
219,,151,,CX Cep,,LS III+57 26,GSC 3977-0446,22 09 33.47,+57 44 30.70,GSC,102.66,1.39,VI,CX Cep,WN4+O5V,SS96*,,12.37,,0.65,,Ma84,,,,,2.1268,7,SB2,"MC81,SM89,SH89,LM93"
220,,152,,,HD 211564,LS III+55 30,GSC 3986-2068,22 16 24.05,+55 37 37.20,GSC,102.23,-0.89,VI,HD 211564,WN3(h),SS96,,11.67,,0.17,,Ma84,2000,,CS95c,,,,,
221,N,153ab,,GP Cep,HD 211853,LS III+55 34,HIP 110154,22 18 45.61,+56 07 33.90,Hip,102.78,-0.65,VI,HD 211853,WN6/WCE+O6I,SS96*,,9.08,,0.27,,Ma84,1785,,PB90,,6.6884,3.4696,SB2+SB2,"Ma81,MS86,SM89,PS90,An94,LM96,NG99a,PA00"
222,,154,,,HD 213049,LS III+55 79,HIP 110836,22 27 17.82,+56 15 11.80,Hip,103.85,-1.18,VI,HD 213049,WC6,VI,,11.54,,0.36,,Ma84,2050,,KH95,,,,,
223,,155,,CQ Cep,HD 214419,LS III+56 80,HIP 111633,22 36 53.96,+56 54 21.00,Hip,105.32,-1.29,VI,"HD 214419, CQ Cep",WN6+O9II-Ib,SS96*,,8.75,,0.28,,Ma84,1400,,EW94,,1.6412,436,SB2,"SB84,MS86,SM89,MM95,HH97,Hip97,MMH98,NG99a"
224,,156,AC+60 38562-0,,,LS III+60 30,HIP 113569,23 00 10.13,+60 55 38.40,Hip,109.82,0.92,VI,AC+60 38562,WN8h+OB?,"SS96,t.w.",,11.09,,0.83,,Ma84,660,,CS95b,,6.5,", 10.05, 15",d.e.l.,"MS86,CM89,MMH98,MMEv98,t.w."
225,,157,,,HD 219460,LS III+60 55,HIP 114791,23 15 12.41,+60 27 01.90,Hip,111.33,-0.24,VI,HD 219460,WN5 (+B1II),SS96*,,9.91,,0.46,,Ma84,1500,,HK95,,1.786,", 2.032",VB,"HH88,Hip97,MMH98,NG99a"
226,,158,AS 513,,,LS I+61 27,HIP 117034,23 43 30.60,+61 55 48.10,Hip,115.03,0.1,VI,AS 513,WN7h+Be?,"SS96,t.w.",,11.46,,0.75,,Ma84,900,,HK95,,,,d.e.l.,"CM89,AV92,t.w."